{"properties": [
  {
    "name": "org.springframework.boot.logging.LogLevel",
    "type": "java.lang.String",
    "description": "A description for 'org.springframework.boot.logging.LogLevel'"
  },
  {
    "name": "jwt.secret",
    "type": "java.lang.String",
    "description": "A description for 'jwt.secret'"
  },
  {
    "name": "\nspring.mail.properties.mail.smtp.aut",
    "type": "java.lang.String",
    "description": "A description for '\nspring.mail.properties.mail.smtp.aut'"
  },
  {
    "name": "\nspring.mail.properties.mail.smtp.starttls.enabl",
    "type": "java.lang.String",
    "description": "A description for '\nspring.mail.properties.mail.smtp.starttls.enabl'"
  },
  {
    "name": "\nspring.mail.properties.mail.smtp.starttls.require",
    "type": "java.lang.String",
    "description": "A description for '\nspring.mail.properties.mail.smtp.starttls.require'"
  },
  {
    "name": "\nspring.mail.properties.mail.smtp.connectiontimeou",
    "type": "java.lang.String",
    "description": "A description for '\nspring.mail.properties.mail.smtp.connectiontimeou'"
  },
  {
    "name": "\nspring.mail.properties.mail.smtp.timeou",
    "type": "java.lang.String",
    "description": "A description for '\nspring.mail.properties.mail.smtp.timeou'"
  },
  {
    "name": "\nspring.mail.properties.mail.smtp.writetimeou",
    "type": "java.lang.String",
    "description": "A description for '\nspring.mail.properties.mail.smtp.writetimeou'"
  }
]}